Index,Name,Color
1,S0502-Y,#f4fcf0
2,S0502-Y,#f4fcf0
3,S1002-Y,#e0e8dc
4,S1502-Y,#d0d8cc
5,S2002-Y,#c0c4c0
6,S3560-Y,#c09c24
7,S0580-Y,#fcfc44
8,S0505-Y20R,#fcfcec
9,S3560-Y30R,#c47010
10,S0505-Y50R,#fcf4e0
11,S0603-Y80R,#f8f4f4
12,S0505-Y80R,#fcf4ec
13,S0505-Y80R,#fcf4ec
14,S1005-Y80R,#e8dcd4
15,S2005-Y80R,#c8bcbc
16,S0507-Y80R,#fcf0ec
17,S0510-Y80R,#fcecdc
18,S1010-Y80R,#ecd4cc
19,S1510-Y80R,#dcc4bc
20,S2010-Y80R,#c8b0a8
21,S3010-Y80R,#b09894
22,S0515-Y80R,#fce0d0
23,S1015-Y80R,#f4ccbc
24,S1515-Y80R,#e8c0b4
25,S0520-Y80R,#fcd4c0
26,S1020-Y80R,#f8c4ac
27,S2020-Y80R,#d4a490
28,S3020-Y80R,#bc8874
29,S4020-Y80R,#a46858
30,S5020-Y80R,#845040
31,S6020-Y80R,#683428
32,S7020-Y80R,#441408
33,S0530-Y80R,#fcc0a4
34,S1030-Y80R,#fca88c
35,S2030-Y80R,#e08c70
36,S3030-Y80R,#c0705c
37,S4030-Y80R,#a05440
38,S5030-Y80R,#803824
39,S6030-Y80R,#601c0c
40,S0540-Y80R,#fca884
41,S1040-Y80R,#fc9874
42,S2040-Y80R,#e87c5c
43,S3040-Y80R,#c86040
44,S4040-Y80R,#a04028
45,S5040-Y80R,#741c08
46,S1050-Y80R,#fc8858
47,S2050-Y80R,#ec6840
48,S3050-Y80R,#c04820
49,S4050-Y80R,#942808
50,S0560-Y80R,#fc804c
51,S1060-Y80R,#fc703c
52,S2060-Y80R,#e85424
53,S3060-Y80R,#bc3408
54,S2570-Y80R,#c02800
55,S0580-Y80R,#fc5810
56,S1580-Y80R,#f03800
57,S4010-Y90R,#947c78
58,S6010-Y90R,#684c44
59,S8010-Y90R,#20080c
60,S0502-R,#f8f4fc
61,S0505-R20B,#f0e4f4
62,S0505-R50B,#e8e4fc
63,S0603-R80B,#dce4f8
64,S0505-R80B,#d8e4fc
65,S0505-R80B,#d8e4fc
66,S1005-R80B,#ccd4e8
67,S2005-R80B,#a8b4d0
68,S1510-R80B,#a0b4dc
69,S3010-R80B,#7484b0
70,S0515-R80B,#acc8f8
71,S0520-R80B,#94b8f4
72,S1020-R80B,#88a8e4
73,S2020-R80B,#6c84cc
74,S3020-R80B,#5464b8
75,S4020-R80B,#384498
76,S5020-R80B,#1c287c
77,S6020-R80B,#000464
78,S7020-R80B,#000040
79,S0530-R80B,#7098f4
80,S1030-R80B,#6484e8
81,S2030-R80B,#4c60d0
82,S3030-R80B,#2c44ac
83,S4030-R80B,#14209c
84,S5030-R80B,#00007c
85,S6030-R80B,#000058
86,S1040-R80B,#4468ec
87,S2040-R80B,#3048d0
88,S3040-R80B,#101cb8
89,S4040-R80B,#04049c
90,S5040-R80B,#000074
91,S1550-R80B,#1034e0
92,S2050-R80B,#1420d4
93,S3050-R80B,#0000b0
94,S4050-R80B,#00008c
95,S4550-R80B,#000070
96,S2060-R80B,#0000d4
97,S3060-R80B,#0000a8
98,S2565-R80B,#0000bc
99,S4010-R90B,#586894
100,S6010-R90B,#243460
101,S8010-R90B,#000024
102,S0540-R90B,#247ce4
103,S5540-R90B,#00004c
104,S1050-R90B,#0050d4
105,S0502-B,#e0f0fc
106,S0505-B20G,#c8e8f4
107,S0505-B50G,#ccecf0
108,S1005-B50G,#bcdce0
109,S2005-B50G,#a0bcc4
110,S0510-B70G,#a8e8e4
111,S1010-B70G,#a0d4d4
112,S2010-B70G,#78b4b0
113,S0505-B80G,#d4f4f0
114,S0507-B80G,#c4f4ec
115,S1510-B80G,#90ccc0
116,S0515-B80G,#8cecd0
117,S1040-B80G,#00c470
118,S2040-B80G,#00a050
119,S3040-B80G,#007c34
120,S4040-B80G,#005c18
121,S5040-B80G,#003400
122,S5540-B80G,#002400
123,S1050-B80G,#00bc50
124,S2050-B80G,#009830
125,S3050-B80G,#007014
126,S4050-B80G,#005000
127,S4550-B80G,#003400
128,S2555-B80G,#007808
129,S3555-B80G,#005800
130,S3010-B90G,#68a094
131,S4010-B90G,#448074
132,S6010-B90G,#144c40
133,S8010-B90G,#001008
134,S0520-B90G,#78f0bc
135,S1020-B90G,#60d8a8
136,S2020-B90G,#48b890
137,S3020-B90G,#20986c
138,S4020-B90G,#0c7c54
139,S5020-B90G,#00643c
140,S6020-B90G,#004020
141,S7020-B90G,#001c00
142,S0530-B90G,#30e8a0
143,S1030-B90G,#2cd490
144,S2030-B90G,#00b068
145,S3030-B90G,#008c4c
146,S4030-B90G,#006c34
147,S5030-B90G,#004c14
148,S6030-B90G,#002c00
149,S1040-B90G,#00c86c
150,S3040-B90G,#008430
151,S1050-B90G,#00c048
152,S1055-B90G,#00b82c
153,S3060-B90G,#006800
154,S0502-G,#e0f0f4
155,S0540-G,#00e074
156,S2565-G,#007c00
157,S0550-G10Y,#00ec50
158,S0560-G10Y,#00dc24
159,S0565-G10Y,#00d40c
160,S0505-G20Y,#dcf8e8
161,S0505-G50Y,#e8fcec
162,S0603-G80Y,#ecf8ec
163,S0505-G80Y,#f0fcec
164,S0505-G80Y,#f0fcec
165,S1005-G80Y,#e4f0dc
166,S1505-G80Y,#d0e0cc
167,S2005-G80Y,#bcd0b8
168,S0507-G80Y,#ecfce4
169,S0510-G80Y,#e8fcd8
170,S1010-G80Y,#d8f0c4
171,S1510-G80Y,#cce4bc
172,S2010-G80Y,#c0d4ac
173,S3010-G80Y,#a0b094
174,S0515-G80Y,#ecfccc
175,S1015-G80Y,#d8f8b8
176,S1515-G80Y,#c8e4b0
177,S0520-G80Y,#f0fcc0
178,S1020-G80Y,#d8fcac
179,S2020-G80Y,#b8d890
180,S3020-G80Y,#9cb474
181,S0530-G80Y,#ecfca8
182,S1030-G80Y,#d4fc94
183,S2030-G80Y,#b8dc78
184,S3030-G80Y,#a0b860
185,S0540-G80Y,#ecfc90
186,S1040-G80Y,#d4fc7c
187,S2040-G80Y,#bce468
188,S3040-G80Y,#a4bc50
189,S4040-G80Y,#849838
190,S5040-G80Y,#6c6c24
191,S0550-G80Y,#e8fc78
192,S1050-G80Y,#d4fc6c
193,S2050-G80Y,#c0e050
194,S3050-G80Y,#a8b844
195,S4050-G80Y,#8c9028
196,S0560-G80Y,#f4fc68
197,S1060-G80Y,#e4fc58
198,S2060-G80Y,#c8e444
199,S3060-G80Y,#a4b82c
200,S0570-G80Y,#f0fc50
201,S1070-G80Y,#e0fc40
202,S2070-G80Y,#e0e434
203,S1075-G80Y,#ecfc3c
204,S4010-G90Y,#949478
205,S6010-G90Y,#60604c
206,S8010-G90Y,#242414
207,S4020-G90Y,#9c9c68
208,S5020-G90Y,#7c7c50
209,S6020-G90Y,#605c38
210,S7020-G90Y,#3c3418
211,S4030-G90Y,#9c9c54
212,S5030-G90Y,#84803c
213,S6030-G90Y,#5c5424
214,S0575-G90Y,#fcfc54
215,S0300-N,#f8fcfc
216,S5000-N,#707080
217,S1002-Y,#e0e8dc
218,S4020-Y,#a09460
219,S5020-Y,#847844
220,S6020-Y,#685c30
221,S7020-Y,#403410
222,S4030-Y,#a0944c
223,S5030-Y,#847034
224,S6030-Y,#604c18
225,S0580-Y,#fcfc44
226,S8010-Y10R,#2c2010
227,S0580-Y10R,#fcfc3c
228,S1005-Y20R,#f0f0d8
229,S3560-Y20R,#c88018
230,S4550-Y30R,#a05810
231,S0502-Y50R,#fcf8f0
232,S1002-Y50R,#e4e4e0
233,S1502-Y50R,#d4d4d4
234,S2002-Y50R,#c8c4c4
235,S1005-Y50R,#f0e4d4
236,S1005-Y80R,#e8dcd4
237,S0550-Y80R,#fc9468
238,S0570-Y80R,#fc6c2c
239,S1070-Y80R,#fc5c24
240,S2070-Y80R,#e03804
241,S1080-Y80R,#fc4c00
242,S0804-Y90R,#f0e8ec
243,S0505-Y90R,#f8ece8
244,S1005-Y90R,#e8dcdc
245,S2005-Y90R,#c8bcbc
246,S0907-Y90R,#f0e0dc
247,S0510-Y90R,#fce8e4
248,S1010-Y90R,#f0d8d4
249,S1510-Y90R,#dcc4c0
250,S2010-Y90R,#d0b4ac
251,S3010-Y90R,#b09894
252,S5010-Y90R,#7c6058
253,S7010-Y90R,#482c24
254,S0515-Y90R,#fce0d4
255,S1015-Y90R,#f4c8c0
256,S1515-Y90R,#e0b8b0
257,S0520-Y90R,#fcd0c4
258,S1020-Y90R,#f4c0b4
259,S2020-Y90R,#d49c94
260,S3020-Y90R,#b88078
261,S4020-Y90R,#9c685c
262,S5020-Y90R,#7c4440
263,S6020-Y90R,#5c2c28
264,S7020-Y90R,#380804
265,S0530-Y90R,#fcbca8
266,S1030-Y90R,#f8a494
267,S2030-Y90R,#dc8878
268,S3030-Y90R,#bc6858
269,S4030-Y90R,#9c5044
270,S5030-Y90R,#783024
271,S6030-Y90R,#541008
272,S1040-Y90R,#fc947c
273,S2040-Y90R,#e07460
274,S3040-Y90R,#bc5440
275,S4040-Y90R,#a0402c
276,S5040-Y90R,#6c1808
277,S1050-Y90R,#fc7c5c
278,S2050-Y90R,#e46044
279,S3050-Y90R,#c04428
280,S4050-Y90R,#881c08
281,S2060-Y90R,#dc4424
282,S3060-Y90R,#a82408
283,S2570-Y90R,#b81c00
284,S1002-R,#e4e0e8
285,S8010-R10B,#18000c
286,S1005-R20B,#dcd0e0
287,S1005-R50B,#d4d4ec
288,S1005-R80B,#ccd4e8
289,S0507-R80B,#d0e0fc
290,S0510-R80B,#c0d8f8
291,S1010-R80B,#b4c8e8
292,S2010-R80B,#94a4d0
293,S1015-R80B,#98b4ec
294,S1515-R80B,#8ca4dc
295,S1555-R80B,#001cdc
296,S3560-R80B,#000094
297,S3010-R90B,#6c84ac
298,S5010-R90B,#3c4c80
299,S7010-R90B,#081844
300,S0520-R90B,#84b8f0
301,S1020-R90B,#78ace4
302,S2020-R90B,#5884c4
303,S3020-R90B,#4064a8
304,S4020-R90B,#284c90
305,S5020-R90B,#143078
306,S6020-R90B,#000c58
307,S7020-R90B,#000034
308,S0530-R90B,#5098e8
309,S1030-R90B,#4c88dc
310,S2030-R90B,#306cc0
311,S3030-R90B,#184cac
312,S4030-R90B,#003090
313,S5030-R90B,#000c70
314,S6030-R90B,#00004c
315,S1040-R90B,#246cd4
316,S2040-R90B,#084cbc
317,S3040-R90B,#0028a4
318,S4040-R90B,#000888
319,S5040-R90B,#000060
320,S2050-R90B,#0028b8
321,S3050-R90B,#000ca0
322,S4050-R90B,#000074
323,S4550-R90B,#00005c
324,S2060-R90B,#0008b8
325,S3060-R90B,#000094
326,S1002-B,#ccd8ec
327,S0540-B,#0c90c8
328,S5540-B,#00003c
329,S1050-B,#005cb4
330,S8010-B10G,#00001c
331,S1005-B20G,#b4d4e0
332,S0505-B80G,#d4f4f0
333,S1005-B80G,#c0e0dc
334,S1005-B80G,#c0e0dc
335,S2005-B80G,#9cbcc0
336,S0907-B80G,#b8e4dc
337,S1015-B80G,#80dcc4
338,S1515-B80G,#6cc8b0
339,S0510-B90G,#b8f4e0
340,S1010-B90G,#a8e0cc
341,S2010-B90G,#7cc0a8
342,S5010-B90G,#2c685c
343,S7010-B90G,#04342c
344,S2040-B90G,#00a44c
345,S4040-B90G,#006410
346,S5040-B90G,#003c00
347,S5540-B90G,#002400
348,S2050-B90G,#009c24
349,S3050-B90G,#00780c
350,S4050-B90G,#005000
351,S4550-B90G,#003c00
352,S2060-B90G,#008c00
353,S1002-G,#d0e0e4
354,S3010-G,#68a08c
355,S0520-G,#84f8c0
356,S1020-G,#60d8a0
357,S2020-G,#4cbc8c
358,S3020-G,#2c9c6c
359,S4020-G,#107c4c
360,S5020-G,#006434
361,S6020-G,#00481c
362,S7020-G,#002000
363,S0530-G,#38e894
364,S1030-G,#30d488
365,S2030-G,#10b468
366,S3030-G,#00944c
367,S4030-G,#00742c
368,S5030-G,#005414
369,S6030-G,#003000
370,S1040-G,#00cc68
371,S3040-G,#008c2c
372,S1050-G,#00c83c
373,S3050-G,#008008
374,S1060-G,#00bc18
375,S3060-G,#006c00
376,S3560-G,#005c00
377,S1565-G,#009c00
378,S8010-G10Y,#001404
379,S0540-G10Y,#18ec78
380,S1050-G10Y,#00d440
381,S2070-G10Y,#009000
382,S1005-G20Y,#cce8d8
383,S0550-G20Y,#00ec48
384,S0560-G20Y,#00f42c
385,S0570-G20Y,#00e404
386,S1005-G50Y,#d0e8d4
387,S1005-G80Y,#e4f0dc
388,S0804-G90Y,#ecf8e4
389,S0505-G90Y,#f8fcec
390,S1005-G90Y,#e4f0d8
391,S1505-G90Y,#d0dcc8
392,S2005-G90Y,#c8d0bc
393,S0907-G90Y,#e8f4d8
394,S0510-G90Y,#f4fcdc
395,S1010-G90Y,#e0f0c8
396,S1510-G90Y,#d8e4bc
397,S2010-G90Y,#ccd0ac
398,S3010-G90Y,#b0b494
399,S5010-G90Y,#7c7c64
400,S7010-G90Y,#40402c
401,S0515-G90Y,#f8fcd0
402,S1015-G90Y,#ecfcc0
403,S1515-G90Y,#d8e8b0
404,S0520-G90Y,#f8fcc0
405,S1020-G90Y,#ecfcb4
406,S2020-G90Y,#d0dc9c
407,S3020-G90Y,#bcbc80
408,S0530-G90Y,#fcfcb0
409,S1030-G90Y,#ecfc9c
410,S2030-G90Y,#d0dc80
411,S3030-G90Y,#bcbc6c
412,S0540-G90Y,#fcfc9c
413,S1040-G90Y,#f4fc8c
414,S2040-G90Y,#dce870
415,S3040-G90Y,#bcbc58
416,S4040-G90Y,#9c9840
417,S5040-G90Y,#7c7024
418,S0550-G90Y,#fcfc88
419,S1050-G90Y,#fcfc74
420,S2050-G90Y,#d8e45c
421,S3050-G90Y,#b8b844
422,S4050-G90Y,#9c9430
423,S0560-G90Y,#fcfc70
424,S1060-G90Y,#fcfc64
425,S2060-G90Y,#e4e44c
426,S3060-G90Y,#bcb434
427,S0570-G90Y,#fcfc60
428,S1070-G90Y,#fcfc54
429,S2070-G90Y,#f0e030
430,S1075-G90Y,#fcfc44
431,S0500-N,#f0f4fc
432,S5500-N,#646474
433,S0502-Y,#f4fcf0
434,S1502-Y,#d0d8cc
435,S0505-Y,#f8fce8
436,S1005-Y,#e8f0d8
437,S1505-Y,#d8e0c8
438,S2005-Y,#c8ccbc
439,S0507-Y,#fcfce4
440,S0510-Y,#fcfcd4
441,S1010-Y,#f0f4c8
442,S1510-Y,#e0e4c0
443,S2010-Y,#ccd0ac
444,S3010-Y,#b4b490
445,S0515-Y,#fcfcd4
446,S1015-Y,#f4f8c4
447,S1515-Y,#e4e8b4
448,S0520-Y,#fcfcc8
449,S1020-Y,#f8fcb8
450,S2020-Y,#dcd89c
451,S3020-Y,#bcb87c
452,S0530-Y,#fcfcb4
453,S1030-Y,#fcfca0
454,S2030-Y,#e0d884
455,S3030-Y,#c0b464
456,S0540-Y,#fcfca8
457,S1040-Y,#fcfc94
458,S2040-Y,#ece06c
459,S3040-Y,#c8b850
460,S4040-Y,#a4903c
461,S5040-Y,#846c20
462,S0550-Y,#fcfc88
463,S1050-Y,#fcfc7c
464,S2050-Y,#ece05c
465,S3050-Y,#c4ac3c
466,S4050-Y,#a4902c
467,S0560-Y,#fcfc74
468,S1060-Y,#fcfc6c
469,S2060-Y,#f0d844
470,S3060-Y,#c8b030
471,S0570-Y,#fcfc60
472,S1070-Y,#fcfc50
473,S2070-Y,#f8d834
474,S1080-Y,#fcfc38
475,S4010-Y10R,#a49c80
476,S6010-Y10R,#685c44
477,S4020-Y10R,#a49460
478,S5020-Y10R,#887444
479,S6020-Y10R,#6c5830
480,S7020-Y10R,#4c3414
481,S4030-Y10R,#b09448
482,S5030-Y10R,#907430
483,S6030-Y10R,#684c18
484,S0580-Y10R,#fcfc3c
485,S2005-Y20R,#d0d0c0
486,S3065-Y20R,#e49014
487,S0580-Y20R,#fcf42c
488,S8010-Y30R,#28180c
489,S3560-Y40R,#c8640c
490,S2005-Y50R,#c8c0b8
491,S2005-Y80R,#c8bcbc
492,S0585-Y80R,#fc4c00
493,S0540-Y90R,#fca08c
494,S0560-Y90R,#fc704c
495,S1060-Y90R,#fc6440
496,S1580-Y90R,#e02400
497,S0502-R,#f8f4fc
498,S0502-R,#f8f4fc
499,S1002-R,#e4e0e8
500,S1502-R,#d4d0d8
501,S1502-R,#d4d0d8
502,S2002-R,#c4c0c8
503,S0505-R,#fcf0f0
504,S1005-R,#e4d8d8
505,S2005-R,#c8bcc4
506,S0507-R,#fcecec
507,S0510-R,#fce0e0
508,S1010-R,#e4ccd0
509,S1510-R,#d8c0c4
510,S2010-R,#c8b0b4
511,S3010-R,#ac9090
512,S0515-R,#fcdcd8
513,S1015-R,#f0c8c4
514,S1515-R,#dcb4b4
515,S0520-R,#fcc8c8
516,S1020-R,#f4b8b8
517,S2020-R,#d09c98
518,S3020-R,#ac7878
519,S4020-R,#985c5c
520,S5020-R,#7c4444
521,S6020-R,#5c2424
522,S7020-R,#380804
523,S0530-R,#fcb8b0
524,S1030-R,#f4a09c
525,S2030-R,#d8847c
526,S3030-R,#b46468
527,S4030-R,#904040
528,S5030-R,#702424
529,S6030-R,#4c0808
530,S1040-R,#f48880
531,S2040-R,#d86c64
532,S3040-R,#b84c48
533,S4040-R,#98342c
534,S5040-R,#681008
535,S1050-R,#f87468
536,S2050-R,#d85448
537,S3050-R,#ac3428
538,S4050-R,#841008
539,S2060-R,#d43828
540,S3060-R,#941004
541,S2570-R,#980800
542,S4010-R10B,#8c7480
543,S6010-R10B,#583c4c
544,S2005-R20B,#c0b4c4
545,S8010-R30B,#100014
546,S2005-R50B,#b4acd0
547,S2005-R80B,#a8b4d0
548,S0804-R90B,#d4e0f4
549,S0505-R90B,#d4e4f8
550,S1005-R90B,#c0d0ec
551,S2005-R90B,#a4b4d0
552,S1510-R90B,#98b4dc
553,S0515-R90B,#a0c8f4
554,S1560-R90B,#001cc0
555,S3065-R90B,#00008c
556,S1502-B,#bcccd8
557,S3010-B,#6488ac
558,S0520-B,#78c4e4
559,S1020-B,#68b0d8
560,S2020-B,#488cbc
561,S3020-B,#386ca4
562,S4020-B,#185084
563,S5020-B,#04346c
564,S6020-B,#001850
565,S7020-B,#000030
566,S0530-B,#38a8d8
567,S1030-B,#3098cc
568,S2030-B,#1c78b8
569,S3030-B,#005494
570,S4030-B,#00347c
571,S5030-B,#001860
572,S6030-B,#000044
573,S1040-B,#007cbc
574,S2040-B,#0058a8
575,S3040-B,#003890
576,S4040-B,#001870
577,S5040-B,#000050
578,S2050-B,#00409c
579,S3050-B,#001880
580,S4050-B,#000064
581,S4550-B,#000044
582,S1060-B,#0040b0
583,S2060-B,#001898
584,S3060-B,#000070
585,S4010-B10G,#4c708c
586,S6010-B10G,#183c58
587,S0540-B10G,#0098bc
588,S5540-B10G,#00002c
589,S2005-B20G,#9cb8c8
590,S8010-B30G,#000418
591,S2005-B80G,#9cbcc0
592,S0502-G,#e0f0f4
593,S1502-G,#c0d0d4
594,S0505-G,#d8f8ec
595,S1005-G,#c8e4dc
596,S2005-G,#a4c4b8
597,S0510-G,#bcf8dc
598,S1010-G,#a0dcc8
599,S1510-G,#98d0bc
600,S2010-G,#84bca8
601,S0515-G,#a0f8d0
602,S2040-G,#00ac48
603,S4040-G,#00680c
604,S5040-G,#004400
605,S5540-G,#003400
606,S2050-G,#00a424
607,S4050-G,#005800
608,S4550-G,#004400
609,S2060-G,#009800
610,S3010-G10Y,#68a488
611,S4010-G10Y,#508c70
612,S6010-G10Y,#1c5040
613,S0520-G10Y,#80f8b4
614,S1020-G10Y,#6ce0a4
615,S2020-G10Y,#54c084
616,S3020-G10Y,#3ca06c
617,S4020-G10Y,#208854
618,S5020-G10Y,#006434
619,S6020-G10Y,#004818
620,S7020-G10Y,#002800
621,S0530-G10Y,#48f090
622,S1030-G10Y,#3cdc84
623,S2030-G10Y,#18b864
624,S3030-G10Y,#049c4c
625,S4030-G10Y,#007c30
626,S5030-G10Y,#006014
627,S6030-G10Y,#003c00
628,S1040-G10Y,#08d864
629,S3040-G10Y,#009028
630,S1050-G10Y,#00d440
631,S3050-G10Y,#008004
632,S1060-G10Y,#00c814
633,S3060-G10Y,#007c00
634,S3560-G10Y,#005c00
635,S3065-G10Y,#007000
636,S1070-G10Y,#00b800
637,S2005-G20Y,#a8c4bc
638,S0540-G20Y,#24f470
639,S1050-G20Y,#00d844
640,S2070-G20Y,#00a400
641,S0575-G20Y,#00e000
642,S8010-G30Y,#001c08
643,S0550-G30Y,#34f854
644,S0560-G30Y,#1cf838
645,S2005-G50Y,#b4c8b8
646,S2005-G80Y,#bcd0b8
647,S1000-N,#e0e4ec
648,S6000-N,#585868
649,S2002-Y,#c0c4c0
650,S0804-Y10R,#f4f8e8
651,S0505-Y10R,#fcfcec
652,S1005-Y10R,#ececd8
653,S1505-Y10R,#dcdcc8
654,S2005-Y10R,#d0d0bc
655,S0907-Y10R,#f4f4d8
656,S0510-Y10R,#fcfcdc
657,S1010-Y10R,#f4f4c8
658,S1510-Y10R,#e0e0bc
659,S2010-Y10R,#d4d0ac
660,S3010-Y10R,#b8b090
661,S5010-Y10R,#887c60
662,S7010-Y10R,#4c402c
663,S0515-Y10R,#fcfcd0
664,S1015-Y10R,#fcf8c0
665,S1515-Y10R,#ece4b4
666,S0520-Y10R,#fcfccc
667,S1020-Y10R,#fcf4b0
668,S2020-Y10R,#dcd094
669,S3020-Y10R,#c8b87c
670,S0530-Y10R,#fcfcb0
671,S1030-Y10R,#fcf498
672,S2030-Y10R,#ecd480
673,S3030-Y10R,#ccb468
674,S0540-Y10R,#fcfc98
675,S1040-Y10R,#fcfc84
676,S2040-Y10R,#f4d06c
677,S3040-Y10R,#d0ac4c
678,S4040-Y10R,#b08c38
679,S5040-Y10R,#886418
680,S0550-Y10R,#fcfc88
681,S1050-Y10R,#fcfc78
682,S2050-Y10R,#fcd458
683,S3050-Y10R,#d8a83c
684,S4050-Y10R,#b08020
685,S0560-Y10R,#fcfc6c
686,S1060-Y10R,#fcfc5c
687,S2060-Y10R,#fcd040
688,S3060-Y10R,#d8a828
689,S0570-Y10R,#fcfc58
690,S1070-Y10R,#fcfc48
691,S2070-Y10R,#fcd42c
692,S1080-Y10R,#fcfc34
693,S3005-Y20R,#b4b0a0
694,S4020-Y20R,#a89060
695,S5020-Y20R,#907440
696,S6020-Y20R,#6c5024
697,S7020-Y20R,#503410
698,S4030-Y20R,#ac8844
699,S5030-Y20R,#946c30
700,S6030-Y20R,#6c4818
701,S0580-Y20R,#fcf42c
702,S0585-Y20R,#fcfc28
703,S2570-Y30R,#f48c14
704,S4550-Y40R,#a8500c
705,S3005-Y50R,#aca094
706,S8010-Y50R,#2c140c
707,S3005-Y80R,#b4a4a4
708,S3560-Y80R,#a02000
709,S1085-Y80R,#fc4000
710,S0550-Y90R,#fc8468
711,S0570-Y90R,#fc5830
712,S1070-Y90R,#fc4c24
713,S2070-Y90R,#cc2804
714,S2002-R,#c4c0c8
715,S0804-R10B,#f0e4ec
716,S0505-R10B,#f4e8f0
717,S1005-R10B,#e8dce4
718,S2005-R10B,#c0b4c4
719,S0907-R10B,#e8d8e0
720,S0510-R10B,#fce4e8
721,S1010-R10B,#e4ccd8
722,S1510-R10B,#d4bcc8
723,S2010-R10B,#c8b0bc
724,S3010-R10B,#a8909c
725,S5010-R10B,#745c68
726,S7010-R10B,#401c28
727,S0515-R10B,#fcd8dc
728,S1015-R10B,#e8c4c8
729,S1515-R10B,#d4b0bc
730,S0520-R10B,#fcc8cc
731,S1020-R10B,#ecb8bc
732,S2020-R10B,#cc989c
733,S3020-R10B,#b07c80
734,S4020-R10B,#905c68
735,S5020-R10B,#784048
736,S6020-R10B,#582430
737,S7020-R10B,#2c0008
738,S0530-R10B,#fcb0bc
739,S1030-R10B,#eca0a8
740,S2030-R10B,#cc7c88
741,S3030-R10B,#ac5c68
742,S4030-R10B,#90444c
743,S5030-R10B,#702830
744,S6030-R10B,#400004
745,S1040-R10B,#f08488
746,S2040-R10B,#d06468
747,S3040-R10B,#b04448
748,S4040-R10B,#8c2828
749,S5040-R10B,#580000
750,S1050-R10B,#f46c6c
751,S2050-R10B,#cc484c
752,S3050-R10B,#a8242c
753,S4050-R10B,#700004
754,S2060-R10B,#c82828
755,S3060-R10B,#980808
756,S3005-R20B,#a89cac
757,S0502-R50B,#ececfc
758,S1002-R50B,#d8d8f0
759,S1502-R50B,#c8c8e0
760,S2002-R50B,#b8b8d0
761,S3005-R50B,#9890b4
762,S8010-R50B,#04001c
763,S3005-R80B,#8c98b4
764,S0907-R90B,#bcd4ec
765,S0510-R90B,#b8d8f4
766,S1010-R90B,#a4c0e8
767,S2010-R90B,#8ca8c8
768,S1015-R90B,#90b8e4
769,S1515-R90B,#80a8d4
770,S3560-R90B,#00007c
771,S2065-R90B,#0000ac
772,S2002-B,#acb8cc
773,S3010-B10G,#6088a4
774,S5010-B10G,#305470
775,S7010-B10G,#00203c
776,S0520-B10G,#68c8dc
777,S1020-B10G,#50b4c8
778,S2020-B10G,#3c90b0
779,S3020-B10G,#28749c
780,S4020-B10G,#105880
781,S5020-B10G,#003c64
782,S6020-B10G,#001c48
783,S7020-B10G,#000428
784,S0530-B10G,#28b0c8
785,S1030-B10G,#189cbc
786,S2030-B10G,#0c80a8
787,S3030-B10G,#006088
788,S4030-B10G,#004070
789,S5030-B10G,#002854
790,S6030-B10G,#000434
791,S1040-B10G,#0088ac
792,S2040-B10G,#006498
793,S3040-B10G,#004478
794,S4040-B10G,#00245c
795,S5040-B10G,#00083c
796,S5045-B10G,#000024
797,S1050-B10G,#0068a0
798,S2050-B10G,#004884
799,S3050-B10G,#00306c
800,S4050-B10G,#000c48
801,S2055-B10G,#003874
802,S3060-B10G,#001450
803,S3005-B20G,#7c98a8
804,S5540-B20G,#000814
805,S0540-B30G,#00aca4
806,S8010-B50G,#000c18
807,S3005-B80G,#88a8a4
808,S2002-G,#b4c0c4
809,S0507-G,#ccf8e8
810,S1015-G,#8ce4bc
811,S1515-G,#78d0a8
812,S0505-G10Y,#e0f8f0
813,S1005-G10Y,#c8e4dc
814,S2005-G10Y,#a8c4bc
815,S0510-G10Y,#c4f8e0
816,S1010-G10Y,#a4e0c4
817,S2010-G10Y,#8cc4a8
818,S5010-G10Y,#346c54
819,S7010-G10Y,#043828
820,S2040-G10Y,#00b440
821,S4040-G10Y,#007010
822,S5040-G10Y,#004c00
823,S5540-G10Y,#003000
824,S2050-G10Y,#00a820
825,S4050-G10Y,#005c00
826,S4550-G10Y,#004c00
827,S2060-G10Y,#009c00
828,S3005-G20Y,#8ca8a0
829,S3010-G20Y,#70a48c
830,S0520-G20Y,#94f8b8
831,S1020-G20Y,#7ce4a4
832,S2020-G20Y,#64c488
833,S3020-G20Y,#4ca870
834,S0530-G20Y,#58f490
835,S1030-G20Y,#50e080
836,S2030-G20Y,#30b864
837,S3030-G20Y,#149c48
838,S1040-G20Y,#24dc60
839,S3040-G20Y,#009c28
840,S1050-G20Y,#00d844
841,S3050-G20Y,#00900c
842,S1060-G20Y,#00d418
843,S3060-G20Y,#008400
844,S3560-G20Y,#006c00
845,S1070-G20Y,#00d000
846,S2570-G20Y,#008c00
847,S1075-G20Y,#00c800
848,S2075-G20Y,#009c00
849,S4020-G30Y,#3c8854
850,S5020-G30Y,#246c3c
851,S6020-G30Y,#0c5020
852,S7020-G30Y,#002c04
853,S4030-G30Y,#1c8834
854,S5030-G30Y,#00641c
855,S6030-G30Y,#004404
856,S0540-G30Y,#4cf870
857,S0570-G30Y,#00f818
858,S0580-G30Y,#00f400
859,S0550-G40Y,#68fc5c
860,S3005-G50Y,#94ac9c
861,S8010-G50Y,#041c0c
862,S3005-G80Y,#a8b4a0
863,S1500-N,#d0d4dc
864,S6500-N,#484858
865,S2502-Y,#b8bcb4
866,S0603-Y20R,#f4f8ec
867,S0505-Y20R,#fcfcec
868,S1005-Y20R,#f0f0d8
869,S1505-Y20R,#dcdccc
870,S2005-Y20R,#d0d0c0
871,S4005-Y20R,#989084
872,S0507-Y20R,#fcfce4
873,S0510-Y20R,#fcfcd8
874,S1010-Y20R,#f8f0cc
875,S1510-Y20R,#e4dcbc
876,S2010-Y20R,#d0c8a8
877,S3010-Y20R,#bcb090
878,S0515-Y20R,#fcfcc8
879,S1015-Y20R,#fcf4b8
880,S1515-Y20R,#f0e0ac
881,S0520-Y20R,#fcfcbc
882,S1020-Y20R,#fcecac
883,S2020-Y20R,#e0c88c
884,S3020-Y20R,#c4ac74
885,S0530-Y20R,#fcfca4
886,S1030-Y20R,#fcec98
887,S2030-Y20R,#ecc87c
888,S3030-Y20R,#cca860
889,S0540-Y20R,#fcfc8c
890,S1040-Y20R,#fcec7c
891,S2040-Y20R,#fcc864
892,S3040-Y20R,#d8a84c
893,S4040-Y20R,#b08034
894,S5040-Y20R,#94641c
895,S0550-Y20R,#fcfc78
896,S1050-Y20R,#fce86c
897,S2050-Y20R,#fcc454
898,S3050-Y20R,#dca038
899,S4050-Y20R,#b47820
900,S0560-Y20R,#fcf464
901,S1060-Y20R,#fce454
902,S2060-Y20R,#fcbc38
903,S3060-Y20R,#dc9420
904,S0570-Y20R,#fcf84c
905,S1070-Y20R,#fce440
906,S2070-Y20R,#fcb824
907,S1080-Y20R,#fcdc20
908,S4010-Y30R,#a49478
909,S6010-Y30R,#745c44
910,S4020-Y30R,#b08c5c
911,S5020-Y30R,#8c6840
912,S6020-Y30R,#704c2c
913,S7020-Y30R,#502c10
914,S4030-Y30R,#b88444
915,S5030-Y30R,#94642c
916,S6030-Y30R,#744414
917,S0580-Y30R,#fcd828
918,S0585-Y30R,#fcd018
919,S2570-Y40R,#f07808
920,S4005-Y50R,#948880
921,S3560-Y50R,#c05408
922,S8010-Y70R,#240c08
923,S4005-Y80R,#948888
924,S3560-Y90R,#881000
925,S0580-Y90R,#fc440c
926,S2502-R,#b4b0c0
927,S0540-R,#fca094
928,S0560-R,#fc6854
929,S1060-R,#f85844
930,S1580-R,#bc0800
931,S0603-R20B,#f0e8fc
932,S0505-R20B,#f0e4f4
933,S1005-R20B,#dcd0e0
934,S2005-R20B,#c0b4c4
935,S4005-R20B,#887c8c
936,S0507-R20B,#f4e4f4
937,S0510-R20B,#f4dce8
938,S1010-R20B,#e0c8dc
939,S1510-R20B,#d4bcd0
940,S2010-R20B,#c0a8bc
941,S3010-R20B,#a48ca0
942,S0515-R20B,#f4d0e4
943,S1015-R20B,#e4c0d4
944,S1515-R20B,#d4b0c4
945,S0520-R20B,#f4c4d8
946,S1020-R20B,#e0b0c4
947,S2020-R20B,#c090a4
948,S3020-R20B,#a47488
949,S4020-R20B,#8c586c
950,S5020-R20B,#6c384c
951,S6020-R20B,#481430
952,S7020-R20B,#280010
953,S0530-R20B,#f8b0c8
954,S1030-R20B,#e098b0
955,S2030-R20B,#c07494
956,S3030-R20B,#a05474
957,S4030-R20B,#883c54
958,S5030-R20B,#641028
959,S6030-R20B,#400010
960,S1040-R20B,#e87c98
961,S2040-R20B,#c45874
962,S3040-R20B,#a43854
963,S4040-R20B,#841834
964,S5040-R20B,#500010
965,S1050-R20B,#e05c84
966,S2050-R20B,#c43860
967,S3050-R20B,#9c1838
968,S4050-R20B,#700014
969,S2060-R20B,#bc1c3c
970,S3060-R20B,#840018
971,S4010-R30B,#88708c
972,S6010-R30B,#4c2c50
973,S4005-R50B,#7c7498
974,S8010-R70B,#00002c
975,S4005-R80B,#70789c
976,S0502-B,#e0f0fc
977,S0502-B,#e0f0fc
978,S1002-B,#ccd8ec
979,S1502-B,#bcccd8
980,S2002-B,#acb8cc
981,S2502-B,#9ca8bc
982,S0505-B,#c4e0f8
983,S1005-B,#bcd4e4
984,S2005-B,#98b0c8
985,S1510-B,#94b8d4
986,S0515-B,#90cce8
987,S4055-B,#000054
988,S1565-B,#001c90
989,S4005-B20G,#607c8c
990,S1040-B20G,#0094a4
991,S2040-B20G,#007088
992,S3040-B20G,#00506c
993,S4040-B20G,#003454
994,S5040-B20G,#001834
995,S1050-B20G,#007888
996,S2050-B20G,#005470
997,S3050-B20G,#003c50
998,S4050-B20G,#002030
999,S4550-B20G,#001024
1000,S2555-B20G,#004058
1001,S3060-B20G,#002830
1002,S3010-B30G,#58909c
1003,S4010-B30G,#447484
1004,S6010-B30G,#1c4458
1005,S0520-B30G,#64d0d0
1006,S1020-B30G,#54c0c0
1007,S2020-B30G,#34a0a8
1008,S3020-B30G,#20808c
1009,S4020-B30G,#046070
1010,S5020-B30G,#004858
1011,S6020-B30G,#00283c
1012,S7020-B30G,#000820
1013,S0530-B30G,#1cbcbc
1014,S1030-B30G,#10a8ac
1015,S2030-B30G,#008490
1016,S3030-B30G,#007078
1017,S4030-B30G,#005060
1018,S5030-B30G,#003048
1019,S6030-B30G,#001420
1020,S5540-B30G,#000c18
1021,S8010-B70G,#000c0c
1022,S4005-B80G,#68848c
1023,S2502-G,#a4b4b8
1024,S0804-G20Y,#d4ece4
1025,S0505-G20Y,#dcf8e8
1026,S1005-G20Y,#cce8d8
1027,S2005-G20Y,#a8c4bc
1028,S4005-G20Y,#708c84
1029,S0510-G20Y,#c8f8dc
1030,S1010-G20Y,#ace0c4
1031,S1510-G20Y,#a0d4bc
1032,S2010-G20Y,#8cc0a8
1033,S0515-G20Y,#acf4c8
1034,S2040-G20Y,#00b844
1035,S4040-G20Y,#007810
1036,S5040-G20Y,#005000
1037,S5540-G20Y,#003c00
1038,S2050-G20Y,#00b020
1039,S4050-G20Y,#006800
1040,S4550-G20Y,#005000
1041,S2060-G20Y,#00b004
1042,S3010-G30Y,#7cb090
1043,S4010-G30Y,#5c8c70
1044,S6010-G30Y,#2c5840
1045,S0520-G30Y,#a4fcb8
1046,S1020-G30Y,#8ce8a4
1047,S2020-G30Y,#74cc8c
1048,S3020-G30Y,#50a86c
1049,S0530-G30Y,#74fc90
1050,S1030-G30Y,#60e480
1051,S2030-G30Y,#4cc464
1052,S3030-G30Y,#2ca44c
1053,S1040-G30Y,#40e864
1054,S3040-G30Y,#0ca030
1055,S1050-G30Y,#24e448
1056,S3050-G30Y,#009414
1057,S1060-G30Y,#04e428
1058,S3060-G30Y,#009000
1059,S3560-G30Y,#007c00
1060,S1070-G30Y,#00d404
1061,S2070-G30Y,#00b000
1062,S2570-G30Y,#009800
1063,S1080-G30Y,#00dc00
1064,S0540-G40Y,#80fc7c
1065,S0560-G40Y,#54fc44
1066,S0570-G40Y,#34fc1c
1067,S4005-G50Y,#7c9080
1068,S4020-G50Y,#5c9454
1069,S5020-G50Y,#44703c
1070,S6020-G50Y,#2c5828
1071,S7020-G50Y,#183414
1072,S4030-G50Y,#4c8c3c
1073,S5030-G50Y,#387028
1074,S6030-G50Y,#204c10
1075,S0550-G50Y,#8cfc60
1076,S8010-G70Y,#141c10
1077,S4005-G80Y,#889480
1078,S2000-N,#c4c4cc
1079,S7000-N,#3c3c4c
1080,S3502-Y,#989c9c
1081,S8502-Y,#141414
1082,S5005-Y20R,#80786c
1083,S0804-Y30R,#f4f4e4
1084,S0505-Y30R,#fcfce8
1085,S1005-Y30R,#ece8d4
1086,S1505-Y30R,#e0dcc8
1087,S2005-Y30R,#d0ccbc
1088,S0907-Y30R,#f8ecd0
1089,S0510-Y30R,#fcfcd8
1090,S1010-Y30R,#f4e8c4
1091,S1510-Y30R,#e8dcb8
1092,S2010-Y30R,#dcd0ac
1093,S3010-Y30R,#c0b090
1094,S5010-Y30R,#847058
1095,S7010-Y30R,#4c3c28
1096,S0515-Y30R,#fcf8c8
1097,S1015-Y30R,#fcecbc
1098,S1515-Y30R,#f0d8a8
1099,S0520-Y30R,#fcf4b8
1100,S1020-Y30R,#fce8a8
1101,S2020-Y30R,#e8c890
1102,S3020-Y30R,#c8a470
1103,S0530-Y30R,#fcf09c
1104,S1030-Y30R,#fce08c
1105,S2030-Y30R,#f0bc70
1106,S3030-Y30R,#cc9c58
1107,S0540-Y30R,#fcec84
1108,S1040-Y30R,#fcd878
1109,S2040-Y30R,#f8b85c
1110,S3040-Y30R,#d89844
1111,S4040-Y30R,#b47830
1112,S5040-Y30R,#94581c
1113,S0550-Y30R,#fce468
1114,S1050-Y30R,#fcd05c
1115,S2050-Y30R,#fcb048
1116,S3050-Y30R,#d88834
1117,S4050-Y30R,#b46c1c
1118,S0560-Y30R,#fcdc58
1119,S1060-Y30R,#fcd04c
1120,S2060-Y30R,#fca434
1121,S3060-Y30R,#e08420
1122,S0570-Y30R,#fcd440
1123,S1070-Y30R,#fcc034
1124,S2070-Y30R,#fca020
1125,S1080-Y30R,#fcb818
1126,S4020-Y40R,#a88058
1127,S5020-Y40R,#906840
1128,S6020-Y40R,#704428
1129,S7020-Y40R,#542c10
1130,S4030-Y40R,#b07440
1131,S5030-Y40R,#8c5424
1132,S6030-Y40R,#74380c
1133,S0580-Y40R,#fcb41c
1134,S0585-Y40R,#fcb00c
1135,S5005-Y50R,#7c7068
1136,S4550-Y50R,#9c4008
1137,S2570-Y50R,#ec6808
1138,S5005-Y80R,#786c6c
1139,S1080-Y90R,#fc3000
1140,S3502-R,#9c98a0
1141,S8502-R,#140810
1142,S0550-R,#fc7c70
1143,S3560-R,#7c0400
1144,S0565-R,#fc5844
1145,S1070-R,#f83820
1146,S2070-R,#c41800
1147,S5005-R20B,#706474
1148,S0804-R30B,#e8e0f4
1149,S0505-R30B,#f4e8f8
1150,S1005-R30B,#e0d4e4
1151,S2005-R30B,#bcb0c8
1152,S0907-R30B,#e4d8e8
1153,S0510-R30B,#f0d8f4
1154,S1010-R30B,#e0c8e4
1155,S2010-R30B,#bca4c0
1156,S3010-R30B,#a088a4
1157,S5010-R30B,#70546c
1158,S7010-R30B,#341838
1159,S0520-R30B,#ecc0e8
1160,S1020-R30B,#d8a8cc
1161,S2020-R30B,#bc8cb0
1162,S3020-R30B,#946890
1163,S4020-R30B,#805074
1164,S5020-R30B,#60305c
1165,S6020-R30B,#481438
1166,S7020-R30B,#240018
1167,S0530-R30B,#e8a0d0
1168,S1030-R30B,#d890c0
1169,S2030-R30B,#bc70a0
1170,S3030-R30B,#984c7c
1171,S4030-R30B,#783060
1172,S5030-R30B,#5c1444
1173,S6030-R30B,#34001c
1174,S1040-R30B,#d06cac
1175,S2040-R30B,#b44c88
1176,S3040-R30B,#90306c
1177,S4040-R30B,#700c44
1178,S5040-R30B,#440024
1179,S1050-R30B,#d04894
1180,S2050-R30B,#ac2870
1181,S3050-R30B,#880850
1182,S4050-R30B,#600024
1183,S3055-R30B,#780038
1184,S2060-R30B,#a00058
1185,S1510-R40B,#c8b8d8
1186,S0515-R40B,#e4ccf8
1187,S1015-R40B,#d0b8e4
1188,S1515-R40B,#c4a8d0
1189,S5005-R50B,#645c80
1190,S5005-R80B,#5c6080
1191,S3502-B,#808ca0
1192,S8502-B,#040820
1193,S0507-B,#c0e0f4
1194,S0510-B,#b0d8f4
1195,S1010-B,#98c4dc
1196,S2010-B,#7ca4c0
1197,S1015-B,#80b8dc
1198,S1515-B,#70a8cc
1199,S2065-B,#000880
1200,S5005-B20G,#506878
1201,S5010-B30G,#305c6c
1202,S7010-B30G,#002438
1203,S1040-B30G,#009498
1204,S2040-B30G,#007478
1205,S3040-B30G,#005c60
1206,S4040-B30G,#003c44
1207,S5040-B30G,#002024
1208,S1050-B30G,#008884
1209,S2050-B30G,#006868
1210,S3050-B30G,#004444
1211,S4050-B30G,#00282c
1212,S4550-B30G,#001814
1213,S2555-B30G,#005048
1214,S3060-B30G,#00382c
1215,S0520-B40G,#68d4cc
1216,S1020-B40G,#54c0c0
1217,S2020-B40G,#38a4a4
1218,S3020-B40G,#1c8488
1219,S0530-B40G,#1cc4b8
1220,S1030-B40G,#0cb0a8
1221,S2030-B40G,#009088
1222,S3030-B40G,#007470
1223,S5540-B40G,#001404
1224,S4055-B40G,#002c04
1225,S0502-B50G,#dcf0f8
1226,S1002-B50G,#ccdce8
1227,S1502-B50G,#c0d0dc
1228,S2002-B50G,#b0c0cc
1229,S3010-B50G,#60949c
1230,S4020-B50G,#086c68
1231,S5020-B50G,#005450
1232,S6020-B50G,#003434
1233,S7020-B50G,#001414
1234,S4030-B50G,#005c50
1235,S5030-B50G,#004034
1236,S6030-B50G,#001810
1237,S5005-B80G,#4c6c70
1238,S3502-G,#8494a0
1239,S8502-G,#000814
1240,S5005-G20Y,#547068
1241,S0907-G20Y,#c8ecd8
1242,S1015-G20Y,#98e4b8
1243,S1515-G20Y,#88d0a8
1244,S0505-G30Y,#e0f8e8
1245,S1005-G30Y,#d0e8d8
1246,S2005-G30Y,#acc4bc
1247,S0510-G30Y,#c8fcd8
1248,S1010-G30Y,#bce8c8
1249,S2010-G30Y,#94c4a8
1250,S5010-G30Y,#48705c
1251,S7010-G30Y,#143c28
1252,S2040-G30Y,#20c448
1253,S4040-G30Y,#00801c
1254,S5040-G30Y,#005c04
1255,S5540-G30Y,#004800
1256,S2050-G30Y,#14b830
1257,S4050-G30Y,#007000
1258,S4550-G30Y,#005c00
1259,S2060-G30Y,#00b410
1260,S2075-G30Y,#00a800
1261,S3010-G40Y,#88ac90
1262,S0520-G40Y,#b8fcb8
1263,S1020-G40Y,#a4e8a4
1264,S2020-G40Y,#8ccc8c
1265,S3020-G40Y,#6ca870
1266,S0530-G40Y,#a0fca0
1267,S1030-G40Y,#88ec8c
1268,S2030-G40Y,#74cc70
1269,S3030-G40Y,#58a858
1270,S1040-G40Y,#74f06c
1271,S3040-G40Y,#3ca838
1272,S1050-G40Y,#50ec48
1273,S3050-G40Y,#28a420
1274,S1060-G40Y,#40ec34
1275,S3060-G40Y,#18a008
1276,S3560-G40Y,#108404
1277,S3065-G40Y,#0c9400
1278,S1070-G40Y,#38e818
1279,S0575-G40Y,#40fc14
1280,S1075-G40Y,#30e808
1281,S5005-G50Y,#647868
1282,S0540-G50Y,#a0fc80
1283,S0560-G50Y,#78fc44
1284,S0550-G60Y,#b0fc68
1285,S4020-G70Y,#789860
1286,S5020-G70Y,#607c4c
1287,S6020-G70Y,#4c5c34
1288,S7020-G70Y,#243414
1289,S4030-G70Y,#78984c
1290,S5030-G70Y,#5c7834
1291,S6030-G70Y,#38501c
1292,S5005-G80Y,#6c786c
1293,S2500-N,#b0b4bc
1294,S7500-N,#2c3040
1295,S4502-Y,#7c8080
1296,S4550-Y,#947c20
1297,S6005-Y20R,#645c54
1298,S0603-Y40R,#f8f8f0
1299,S0505-Y40R,#fcf8e8
1300,S1005-Y40R,#ece4d8
1301,S1505-Y40R,#e0d8cc
1302,S2005-Y40R,#ccc4b4
1303,S0507-Y40R,#fcf8dc
1304,S0510-Y40R,#fcf4d4
1305,S1010-Y40R,#f4e0c0
1306,S1510-Y40R,#e8d4b4
1307,S2010-Y40R,#dcc4a4
1308,S3010-Y40R,#bca48c
1309,S0515-Y40R,#fcf0c4
1310,S1015-Y40R,#fce4b8
1311,S1515-Y40R,#f0d0a8
1312,S0520-Y40R,#fcf0b8
1313,S1020-Y40R,#fcd8a4
1314,S2020-Y40R,#e4bc8c
1315,S3020-Y40R,#c49c74
1316,S0530-Y40R,#fce098
1317,S1030-Y40R,#fcd48c
1318,S2030-Y40R,#f0b06c
1319,S3030-Y40R,#d09458
1320,S0540-Y40R,#fcd478
1321,S1040-Y40R,#fcc874
1322,S2040-Y40R,#fca858
1323,S3040-Y40R,#d48840
1324,S4040-Y40R,#b06828
1325,S5040-Y40R,#944c14
1326,S0550-Y40R,#fcc860
1327,S1050-Y40R,#fcc058
1328,S2050-Y40R,#fca448
1329,S3050-Y40R,#d8802c
1330,S4050-Y40R,#b45c14
1331,S0560-Y40R,#fccc54
1332,S1060-Y40R,#fcb040
1333,S2060-Y40R,#fc9430
1334,S3060-Y40R,#d46c14
1335,S0570-Y40R,#fcc038
1336,S1070-Y40R,#fcac2c
1337,S2070-Y40R,#fc8414
1338,S1080-Y40R,#fc9c0c
1339,S6005-Y50R,#645850
1340,S4010-Y50R,#a08878
1341,S6010-Y50R,#685044
1342,S4020-Y50R,#ac7c54
1343,S5020-Y50R,#8c6044
1344,S6020-Y50R,#704428
1345,S7020-Y50R,#4c200c
1346,S4030-Y50R,#b06c3c
1347,S5030-Y50R,#945424
1348,S6030-Y50R,#703410
1349,S0580-Y50R,#fca018
1350,S0585-Y50R,#fc9c08
1351,S3560-Y60R,#b84408
1352,S2075-Y60R,#f85c00
1353,S6005-Y80R,#605454
1354,S4550-Y80R,#841800
1355,S1085-Y90R,#fc2800
1356,S4502-R,#7c7888
1357,S0540-R10B,#fc989c
1358,S1060-R10B,#f44c54
1359,S1575-R10B,#c80c10
1360,S6005-R20B,#54445c
1361,S0603-R40B,#ece8f8
1362,S0505-R40B,#e8e0fc
1363,S1005-R40B,#d8d0ec
1364,S2005-R40B,#bcb4d0
1365,S0507-R40B,#ece0f8
1366,S0510-R40B,#ecdcf4
1367,S1010-R40B,#d4c8e8
1368,S2010-R40B,#b8a4c8
1369,S3010-R40B,#9884a8
1370,S0520-R40B,#dcb8ec
1371,S1020-R40B,#c8a4d8
1372,S2020-R40B,#ac88bc
1373,S3020-R40B,#90689c
1374,S4020-R40B,#744c80
1375,S5020-R40B,#542868
1376,S6020-R40B,#300444
1377,S7020-R40B,#140020
1378,S0530-R40B,#d098e0
1379,S1030-R40B,#c488d0
1380,S2030-R40B,#9c60b0
1381,S3030-R40B,#804494
1382,S4030-R40B,#642470
1383,S5030-R40B,#440850
1384,S6030-R40B,#20002c
1385,S1040-R40B,#b864c4
1386,S2040-R40B,#9440a0
1387,S3040-R40B,#781c80
1388,S4040-R40B,#54005c
1389,S5040-R40B,#280034
1390,S1050-R40B,#ac3cb8
1391,S2050-R40B,#841090
1392,S3050-R40B,#640068
1393,S4050-R40B,#400040
1394,S3055-R40B,#580050
1395,S2060-R40B,#800078
1396,S6005-R50B,#4c4468
1397,S4010-R50B,#786c94
1398,S6010-R50B,#402c60
1399,S1510-R60B,#b8b4e4
1400,S0515-R60B,#ccc4fc
1401,S1015-R60B,#bcb4f0
1402,S1515-R60B,#aca4e8
1403,S4055-R70B,#000078
1404,S6005-R80B,#3c4068
1405,S4502-B,#6c7488
1406,S0510-B10G,#a8dcec
1407,S1010-B10G,#a4cce0
1408,S2010-B10G,#88acc0
1409,S1555-B10G,#005088
1410,S6005-B20G,#384c5c
1411,S0507-B20G,#c0e8f4
1412,S1510-B20G,#88bccc
1413,S0515-B20G,#88d4e4
1414,S6530-B30G,#000408
1415,S1040-B40G,#009c88
1416,S2040-B40G,#008070
1417,S3040-B40G,#006054
1418,S4040-B40G,#00443c
1419,S5040-B40G,#002818
1420,S1050-B40G,#009470
1421,S2050-B40G,#007454
1422,S3050-B40G,#005438
1423,S4050-B40G,#002c1c
1424,S4550-B40G,#00240c
1425,S2555-B40G,#005834
1426,S3060-B40G,#00401c
1427,S4010-B50G,#4c7c84
1428,S6010-B50G,#184850
1429,S0520-B50G,#68dccc
1430,S1020-B50G,#50c4bc
1431,S2020-B50G,#38a49c
1432,S3020-B50G,#208884
1433,S0530-B50G,#28d0b4
1434,S1030-B50G,#14b8a0
1435,S2030-B50G,#009484
1436,S3030-B50G,#007c70
1437,S5540-B50G,#001c04
1438,S3010-B70G,#689c9c
1439,S4020-B70G,#007458
1440,S5020-B70G,#005444
1441,S6020-B70G,#00382c
1442,S7020-B70G,#001c08
1443,S4030-B70G,#006440
1444,S5030-B70G,#004424
1445,S6030-B70G,#002008
1446,S6005-B80G,#345058
1447,S0502-G,#e0f0f4
1448,S1002-G,#d0e0e4
1449,S1502-G,#c0d0d4
1450,S2002-G,#b4c0c4
1451,S4502-G,#687884
1452,S6530-G10Y,#002800
1453,S6005-G20Y,#38584c
1454,S0603-G40Y,#e4f4f0
1455,S0505-G40Y,#e4fcec
1456,S1005-G40Y,#d0e8d8
1457,S2005-G40Y,#b0c8b8
1458,S0510-G40Y,#d8fcdc
1459,S1010-G40Y,#c4ecc8
1460,S1510-G40Y,#b0d8b8
1461,S2010-G40Y,#a0c8ac
1462,S0515-G40Y,#c8fccc
1463,S2040-G40Y,#4cc84c
1464,S4040-G40Y,#208420
1465,S5040-G40Y,#0c640c
1466,S5540-G40Y,#085004
1467,S2050-G40Y,#40c838
1468,S4050-G40Y,#14800c
1469,S4550-G40Y,#0c6804
1470,S2060-G40Y,#2cc420
1471,S2070-G40Y,#1cb804
1472,S6005-G50Y,#4c6050
1473,S3010-G50Y,#8cb08c
1474,S4010-G50Y,#709074
1475,S6010-G50Y,#405c44
1476,S0520-G50Y,#c8fcbc
1477,S1020-G50Y,#b0f4a8
1478,S2020-G50Y,#94c88c
1479,S3020-G50Y,#7cb474
1480,S0530-G50Y,#a8fc98
1481,S1030-G50Y,#98f888
1482,S2030-G50Y,#80d470
1483,S3030-G50Y,#6cb058
1484,S1040-G50Y,#88f870
1485,S3040-G50Y,#60ac44
1486,S1050-G50Y,#80fc58
1487,S3050-G50Y,#54ac2c
1488,S1060-G50Y,#78fc40
1489,S3060-G50Y,#48a814
1490,S3560-G50Y,#40940c
1491,S0565-G50Y,#74fc30
1492,S3065-G50Y,#44a00c
1493,S1070-G50Y,#70f424
1494,S1075-G50Y,#60f818
1495,S0540-G60Y,#b8fc84
1496,S0560-G60Y,#b0fc54
1497,S0550-G70Y,#d0fc74
1498,S6005-G80Y,#586054
1499,S3000-N,#a8acb4
1500,S8000-N,#202028
1501,S5502-Y,#686868
1502,S4055-Y10R,#b48820
1503,S7005-Y20R,#444038
1504,S0804-Y50R,#f4ece4
1505,S0505-Y50R,#fcf4e0
1506,S1005-Y50R,#f0e4d4
1507,S1505-Y50R,#e4d8c8
1508,S2005-Y50R,#c8c0b8
1509,S7005-Y50R,#4c4038
1510,S0907-Y50R,#f8e8d4
1511,S0510-Y50R,#fcf0d8
1512,S1010-Y50R,#f8e0c4
1513,S1510-Y50R,#e8d0b8
1514,S2010-Y50R,#d4bca4
1515,S3010-Y50R,#bca490
1516,S5010-Y50R,#846c5c
1517,S7010-Y50R,#50382c
1518,S0515-Y50R,#fcecc4
1519,S1015-Y50R,#fcdcb8
1520,S1515-Y50R,#ecc8a8
1521,S0520-Y50R,#fce0b0
1522,S1020-Y50R,#fcd4a4
1523,S2020-Y50R,#e0b088
1524,S3020-Y50R,#cc9c74
1525,S0530-Y50R,#fcd498
1526,S1030-Y50R,#fcc888
1527,S2030-Y50R,#f0a870
1528,S3030-Y50R,#d48c58
1529,S0540-Y50R,#fcc87c
1530,S1040-Y50R,#fcc074
1531,S2040-Y50R,#f89c58
1532,S3040-Y50R,#d07c3c
1533,S4040-Y50R,#b46028
1534,S5040-Y50R,#8c4010
1535,S0550-Y50R,#fcbc64
1536,S1050-Y50R,#fcb458
1537,S2050-Y50R,#f88c40
1538,S3050-Y50R,#d47024
1539,S4050-Y50R,#ac5014
1540,S0560-Y50R,#fcb450
1541,S1060-Y50R,#fca040
1542,S2060-Y50R,#f88024
1543,S3060-Y50R,#d86414
1544,S0570-Y50R,#fca030
1545,S1070-Y50R,#fca82c
1546,S2070-Y50R,#fc7410
1547,S1080-Y50R,#fc8808
1548,S4020-Y60R,#a47454
1549,S5020-Y60R,#8c5c3c
1550,S6020-Y60R,#6c3c24
1551,S7020-Y60R,#502008
1552,S4030-Y60R,#ac6438
1553,S5030-Y60R,#8c4420
1554,S6030-Y60R,#682808
1555,S4550-Y60R,#983808
1556,S2570-Y60R,#e45404
1557,S0580-Y60R,#fc8810
1558,S0585-Y60R,#fc7c00
1559,S1505-Y80R,#d8cccc
1560,S7005-Y80R,#443838
1561,S4550-Y90R,#680800
1562,S5502-R,#645c70
1563,S1080-R,#e41800
1564,S0550-R10B,#fc7880
1565,S1070-R10B,#e82c30
1566,S2070-R10B,#b00808
1567,S7005-R20B,#443444
1568,S1060-R30B,#c41c80
1569,S0804-R50B,#e4e0f8
1570,S0505-R50B,#e8e4fc
1571,S1005-R50B,#d4d4ec
1572,S2005-R50B,#b4acd0
1573,S7005-R50B,#30284c
1574,S0907-R50B,#d8d0f4
1575,S0510-R50B,#e4d8f8
1576,S1010-R50B,#d4c8e8
1577,S2010-R50B,#b0a4cc
1578,S3010-R50B,#9888b0
1579,S5010-R50B,#584878
1580,S7010-R50B,#241840
1581,S0520-R50B,#d0b8f4
1582,S1020-R50B,#bca4e8
1583,S2020-R50B,#9c80c8
1584,S3020-R50B,#8464a8
1585,S4020-R50B,#68488c
1586,S5020-R50B,#482470
1587,S6020-R50B,#2c084c
1588,S7020-R50B,#0c002c
1589,S0530-R50B,#b88cec
1590,S1030-R50B,#b484d8
1591,S2030-R50B,#9464c0
1592,S3030-R50B,#7440a4
1593,S4030-R50B,#541c84
1594,S5030-R50B,#380460
1595,S6030-R50B,#180038
1596,S1040-R50B,#9c5cd8
1597,S2040-R50B,#7c34b4
1598,S3040-R50B,#641c94
1599,S4040-R50B,#3c006c
1600,S5040-R50B,#1c0044
1601,S2050-R50B,#6c0ca8
1602,S3050-R50B,#4c0088
1603,S4050-R50B,#2c0058
1604,S3055-R50B,#400078
1605,S1550-R70B,#4030e8
1606,S4550-R70B,#00006c
1607,S7005-R80B,#242850
1608,S5502-B,#545c70
1609,S0505-B20G,#c8e8f4
1610,S1005-B20G,#b4d4e0
1611,S2005-B20G,#9cb8c8
1612,S7005-B20G,#1c3040
1613,S0907-B20G,#b0d8e4
1614,S1015-B20G,#78c4d4
1615,S1515-B20G,#6cb4c4
1616,S5010-B50G,#306068
1617,S7010-B50G,#002830
1618,S6530-B50G,#001000
1619,S1040-B50G,#00a488
1620,S2040-B50G,#008870
1621,S3040-B50G,#006850
1622,S4040-B50G,#004834
1623,S5040-B50G,#002810
1624,S1050-B50G,#009c64
1625,S2050-B50G,#007848
1626,S3050-B50G,#005c30
1627,S4050-B50G,#003410
1628,S4550-B50G,#002400
1629,S3055-B50G,#005014
1630,S2060-B50G,#006828
1631,S0520-B60G,#64dcc8
1632,S1020-B60G,#5cccbc
1633,S2020-B60G,#38ac9c
1634,S3020-B60G,#1c8c7c
1635,S0530-B60G,#24d0ac
1636,S1030-B60G,#14c09c
1637,S2030-B60G,#009c80
1638,S3030-B60G,#007c64
1639,S6035-B60G,#001800
1640,S7005-B80G,#18343c
1641,S5502-G,#50606c
1642,S7005-G20Y,#244038
1643,S0507-G40Y,#e0fce4
1644,S1015-G40Y,#b0e8b8
1645,S1515-G40Y,#a4d8ac
1646,S0502-G50Y,#e8f8f0
1647,S1002-G50Y,#dce8e4
1648,S1502-G50Y,#ccd8d4
1649,S2002-G50Y,#bcc8c4
1650,S0505-G50Y,#e8fcec
1651,S1005-G50Y,#d0e8d4
1652,S2005-G50Y,#b4c8b8
1653,S7005-G50Y,#2c3c38
1654,S0510-G50Y,#d8fcdc
1655,S1010-G50Y,#c0ecc0
1656,S2010-G50Y,#a8ccac
1657,S5010-G50Y,#5c7860
1658,S7010-G50Y,#24402c
1659,S6530-G50Y,#143c0c
1660,S2040-G50Y,#70d458
1661,S4040-G50Y,#448828
1662,S5040-G50Y,#2c6818
1663,S5540-G50Y,#204c08
1664,S2050-G50Y,#68d040
1665,S4050-G50Y,#348814
1666,S4550-G50Y,#30700c
1667,S2060-G50Y,#5ccc28
1668,S2070-G50Y,#5cc814
1669,S3010-G60Y,#94b090
1670,S0520-G60Y,#ccfcb8
1671,S1020-G60Y,#c0f8a8
1672,S2020-G60Y,#a4d08c
1673,S3020-G60Y,#88b078
1674,S0530-G60Y,#c0fc9c
1675,S1030-G60Y,#b4fc90
1676,S2030-G60Y,#a0d874
1677,S3030-G60Y,#84b460
1678,S1040-G60Y,#9cfc6c
1679,S3040-G60Y,#7cb448
1680,S1050-G60Y,#a4fc60
1681,S3050-G60Y,#78b438
1682,S1060-G60Y,#9cfc48
1683,S3060-G60Y,#70b020
1684,S3560-G60Y,#649c18
1685,S3065-G60Y,#70a818
1686,S0570-G60Y,#acfc3c
1687,S1070-G60Y,#9cfc30
1688,S0575-G60Y,#b0fc30
1689,S1075-G60Y,#9cfc20
1690,S0540-G70Y,#d0fc88
1691,S0560-G70Y,#d4fc60
1692,S7005-G80Y,#3c4438
1693,S3500-N,#9c9ca4
1694,S8500-N,#0c0c1c
1695,S8500-N,#0c0c1c
1696,S6502-Y,#505050
1697,S8005-Y20R,#2c2420
1698,S8005-Y50R,#2c2018
1699,S0603-Y60R,#fcf8f0
1700,S0505-Y60R,#fcf4e8
1701,S1005-Y60R,#ece0d4
1702,S1505-Y60R,#dcd0c8
1703,S2005-Y60R,#ccc0b8
1704,S0507-Y60R,#fcf4e4
1705,S0510-Y60R,#fcf4e0
1706,S1010-Y60R,#f4dcc8
1707,S1510-Y60R,#e4ccbc
1708,S2010-Y60R,#d4bcac
1709,S3010-Y60R,#b49c8c
1710,S0515-Y60R,#fce8c8
1711,S1015-Y60R,#fcd8b8
1712,S1515-Y60R,#ecc8ac
1713,S0520-Y60R,#fce0b8
1714,S1020-Y60R,#fccca4
1715,S2020-Y60R,#d8a888
1716,S3020-Y60R,#c09070
1717,S0530-Y60R,#fcc894
1718,S1030-Y60R,#fcc08c
1719,S2030-Y60R,#eca070
1720,S3030-Y60R,#cc8458
1721,S0540-Y60R,#fcbc7c
1722,S1040-Y60R,#fcb074
1723,S2040-Y60R,#f09054
1724,S3040-Y60R,#d47440
1725,S4040-Y60R,#b05824
1726,S5040-Y60R,#883408
1727,S0550-Y60R,#fcb064
1728,S1050-Y60R,#fca054
1729,S2050-Y60R,#f48040
1730,S3050-Y60R,#cc6024
1731,S4050-Y60R,#b04c10
1732,S0560-Y60R,#fca850
1733,S1060-Y60R,#fc8c3c
1734,S2060-Y60R,#f87424
1735,S3060-Y60R,#d85c10
1736,S0570-Y60R,#fc9834
1737,S1070-Y60R,#fc8424
1738,S2070-Y60R,#f0600c
1739,S1080-Y60R,#fc7404
1740,S4010-Y70R,#a08474
1741,S6010-Y70R,#604840
1742,S4020-Y70R,#a47058
1743,S5020-Y70R,#8c5840
1744,S6020-Y70R,#6c3c28
1745,S7020-Y70R,#481808
1746,S4030-Y70R,#ac5c3c
1747,S5030-Y70R,#8c4428
1748,S6030-Y70R,#602008
1749,S3560-Y70R,#b03400
1750,S2075-Y70R,#e44000
1751,S0580-Y70R,#fc6c10
1752,S0585-Y70R,#fc6c00
1753,S8005-Y80R,#241818
1754,S1505-Y90R,#d8cccc
1755,S5540-Y90R,#580400
1756,S6502-R,#484054
1757,S8005-R20B,#201020
1758,S0540-R20B,#f490a8
1759,S1060-R20B,#e0385c
1760,S2065-R20B,#a40028
1761,S8005-R50B,#0c0020
1762,S0603-R60B,#e4e4fc
1763,S0505-R60B,#e8e8fc
1764,S1005-R60B,#d0d0f0
1765,S2005-R60B,#b4b4d4
1766,S0507-R60B,#e0e0fc
1767,S0510-R60B,#dcd8fc
1768,S1010-R60B,#c8c4ec
1769,S2010-R60B,#aca8d0
1770,S3010-R60B,#8884b4
1771,S0520-R60B,#c4b8f8
1772,S1020-R60B,#b0a4ec
1773,S2020-R60B,#9080d0
1774,S3020-R60B,#7464b4
1775,S4020-R60B,#544494
1776,S5020-R60B,#301c78
1777,S6020-R60B,#18005c
1778,S7020-R60B,#000034
1779,S0525-R60B,#b0a0f8
1780,S1030-R60B,#9880ec
1781,S2030-R60B,#7c64d0
1782,S3030-R60B,#5840b4
1783,S4030-R60B,#38188c
1784,S5030-R60B,#18006c
1785,S6030-R60B,#000048
1786,S1040-R60B,#845ce8
1787,S2040-R60B,#6438c8
1788,S3040-R60B,#4010a4
1789,S4040-R60B,#240084
1790,S5040-R60B,#00005c
1791,S2050-R60B,#4808bc
1792,S3050-R60B,#20009c
1793,S4050-R60B,#000074
1794,S3555-R60B,#040074
1795,S4010-R70B,#6c6c9c
1796,S6010-R70B,#34346c
1797,S5540-R70B,#000058
1798,S1555-R70B,#3018dc
1799,S8005-R80B,#080830
1800,S6502-B,#384054
1801,S8005-B20G,#001020
1802,S0510-B30G,#a4e0e4
1803,S1010-B30G,#94ccd8
1804,S2010-B30G,#78acbc
1805,S0502-B50G,#dcf0f8
1806,S1510-B50G,#88c0c4
1807,S0515-B50G,#8ce4dc
1808,S1040-B60G,#00b080
1809,S2040-B60G,#009464
1810,S3040-B60G,#007044
1811,S4040-B60G,#005028
1812,S5040-B60G,#002c08
1813,S1050-B60G,#00a85c
1814,S2050-B60G,#00803c
1815,S3050-B60G,#006424
1816,S4050-B60G,#004004
1817,S2555-B60G,#006c24
1818,S3555-B60G,#004c04
1819,S4010-B70G,#407c78
1820,S6010-B70G,#104844
1821,S0520-B70G,#64e0c4
1822,S1020-B70G,#58d0b4
1823,S2020-B70G,#30ac90
1824,S3020-B70G,#188c7c
1825,S0530-B70G,#2cdca8
1826,S1030-B70G,#20c89c
1827,S2030-B70G,#00a07c
1828,S3030-B70G,#008060
1829,S8005-B80G,#00141c
1830,S6502-G,#384854
1831,S8005-G20Y,#041c1c
1832,S8005-G50Y,#14201c
1833,S0804-G60Y,#dcf0e0
1834,S0505-G60Y,#ecfce8
1835,S1005-G60Y,#d4e8d4
1836,S2005-G60Y,#b8c8bc
1837,S0510-G60Y,#e0fcd8
1838,S1010-G60Y,#ccecc4
1839,S1510-G60Y,#bcdcb4
1840,S2010-G60Y,#b0ccac
1841,S0515-G60Y,#d4fcc8
1842,S2040-G60Y,#90d45c
1843,S4040-G60Y,#609438
1844,S5040-G60Y,#40681c
1845,S5540-G60Y,#3c5c10
1846,S2050-G60Y,#8cd448
1847,S4050-G60Y,#5c9020
1848,S4550-G60Y,#507c14
1849,S2060-G60Y,#88dc30
1850,S2070-G60Y,#8cd820
1851,S3010-G70Y,#94b08c
1852,S4010-G70Y,#849878
1853,S6010-G70Y,#506048
1854,S0520-G70Y,#dcfcbc
1855,S1020-G70Y,#c8f8ac
1856,S2020-G70Y,#acd88c
1857,S3020-G70Y,#90b474
1858,S0530-G70Y,#d4fca4
1859,S1030-G70Y,#c0fc94
1860,S2030-G70Y,#a4d878
1861,S3030-G70Y,#8cb860
1862,S1040-G70Y,#bcfc78
1863,S3040-G70Y,#88b44c
1864,S1050-G70Y,#c4fc68
1865,S3050-G70Y,#84b438
1866,S1060-G70Y,#bcfc48
1867,S3060-G70Y,#80b820
1868,S3560-G70Y,#80981c
1869,S0570-G70Y,#ccfc44
1870,S1070-G70Y,#c0fc3c
1871,S0575-G70Y,#d4fc38
1872,S1075-G70Y,#ccfc34
1873,S8005-G80Y,#1c2020
1874,S4000-N,#888898
1875,S7502-Y,#343434
1876,S8505-Y20R,#141010
1877,S0804-Y70R,#f4ece8
1878,S0505-Y70R,#fcf0e8
1879,S1005-Y70R,#ece0d8
1880,S1505-Y70R,#dcd0c8
1881,S2005-Y70R,#ccc0b8
1882,S0907-Y70R,#f0e0d4
1883,S0510-Y70R,#fcecd8
1884,S1010-Y70R,#f4d8c4
1885,S1510-Y70R,#e0c8bc
1886,S2010-Y70R,#d8bcac
1887,S3010-Y70R,#b49c90
1888,S5010-Y70R,#846458
1889,S7010-Y70R,#402824
1890,S0515-Y70R,#fce4cc
1891,S1015-Y70R,#fcd4bc
1892,S1515-Y70R,#e8c0a8
1893,S0520-Y70R,#fcd4b8
1894,S1020-Y70R,#fcc4a8
1895,S2020-Y70R,#e0ac90
1896,S3020-Y70R,#c89478
1897,S0530-Y70R,#fcc89c
1898,S1030-Y70R,#fcb890
1899,S2030-Y70R,#ec9874
1900,S3030-Y70R,#c87c58
1901,S0540-Y70R,#fcb080
1902,S1040-Y70R,#fca06c
1903,S2040-Y70R,#ec8854
1904,S3040-Y70R,#c86840
1905,S4040-Y70R,#a84c24
1906,S5040-Y70R,#802c08
1907,S0550-Y70R,#fca464
1908,S1050-Y70R,#fc9454
1909,S2050-Y70R,#f0743c
1910,S3050-Y70R,#c85020
1911,S4050-Y70R,#a0340c
1912,S4550-Y70R,#902c00
1913,S0560-Y70R,#fc9048
1914,S1060-Y70R,#fc8440
1915,S2060-Y70R,#ec6024
1916,S3060-Y70R,#c04008
1917,S0570-Y70R,#fc802c
1918,S1070-Y70R,#fc7024
1919,S2070-Y70R,#ec5008
1920,S2570-Y70R,#cc3c00
1921,S1080-Y70R,#fc6008
1922,S8505-Y80R,#0c0008
1923,S7502-R,#342c38
1924,S8505-R20B,#00000c
1925,S1070-R20B,#e01840
1926,S0540-R30B,#e880c4
1927,S0804-R70B,#dce0f8
1928,S0505-R70B,#dce4f8
1929,S1005-R70B,#ccd0f0
1930,S2005-R70B,#acb0d0
1931,S0907-R70B,#ccd4f0
1932,S0510-R70B,#d0d8fc
1933,S1010-R70B,#c0c4ec
1934,S2010-R70B,#a0a4d4
1935,S3010-R70B,#888cbc
1936,S5010-R70B,#505080
1937,S7010-R70B,#18144c
1938,S0520-R70B,#b4b8fc
1939,S1020-R70B,#a0a4f4
1940,S2020-R70B,#8484d4
1941,S3020-R70B,#6464b4
1942,S4020-R70B,#48449c
1943,S5020-R70B,#302884
1944,S6020-R70B,#0c0060
1945,S7020-R70B,#00003c
1946,S0525-R70B,#a8a8fc
1947,S1030-R70B,#8888f8
1948,S2030-R70B,#6864d4
1949,S3030-R70B,#4c44b8
1950,S4030-R70B,#2c20a0
1951,S5030-R70B,#14047c
1952,S6030-R70B,#000050
1953,S1040-R70B,#6c60f0
1954,S2040-R70B,#4c3cd4
1955,S3040-R70B,#2c1cb4
1956,S4040-R70B,#080098
1957,S5040-R70B,#000068
1958,S2050-R70B,#2814d0
1959,S3050-R70B,#0800ac
1960,S4050-R70B,#000084
1961,S2060-R70B,#1000c8
1962,S3060-R70B,#00009c
1963,S8505-R80B,#000014
1964,S7502-B,#20243c
1965,S8505-B20G,#000010
1966,S0804-B50G,#cce4ec
1967,S0510-B50G,#b4ece8
1968,S1010-B50G,#98d4d0
1969,S2010-B50G,#7cb0b8
1970,S1015-B50G,#7cd0c8
1971,S1515-B50G,#68c0b8
1972,S5010-B70G,#286460
1973,S7010-B70G,#002c28
1974,S1040-B70G,#00b47c
1975,S2040-B70G,#009058
1976,S3040-B70G,#007440
1977,S4040-B70G,#005020
1978,S5040-B70G,#003004
1979,S1050-B70G,#00b454
1980,S2050-B70G,#008838
1981,S3050-B70G,#006818
1982,S4050-B70G,#004400
1983,S2060-B70G,#008010
1984,S3060-B70G,#005400
1985,S8505-B80G,#00040c
1986,S7502-G,#1c2834
1987,S8505-G20Y,#000c0c
1988,S0907-G60Y,#d8f0d8
1989,S1015-G60Y,#c8f4b8
1990,S1515-G60Y,#b8e4a8
1991,S0505-G70Y,#ecfce8
1992,S1005-G70Y,#dcecdc
1993,S2005-G70Y,#b4c8b4
1994,S0510-G70Y,#e0fcd8
1995,S1010-G70Y,#d4f0c8
1996,S2010-G70Y,#b4cca8
1997,S5010-G70Y,#64785c
1998,S7010-G70Y,#34402c
1999,S2040-G70Y,#a4dc5c
2000,S4040-G70Y,#709438
2001,S5040-G70Y,#546c1c
2002,S5540-G70Y,#485c14
2003,S2050-G70Y,#ace454
2004,S4050-G70Y,#6c9424
2005,S4550-G70Y,#607c1c
2006,S2060-G70Y,#a4e038
2007,S2070-G70Y,#a8e028
2008,S8505-G80Y,#0c1010
2009,S4500-N,#7c7c8c
